email,password
eve.holt@reqres.in,eiueiue
eve.holt@reqres.in,eiueiue
eve.holt@reqres.in,eiueiue
eve.holt@reqres.in,eiueiue
eve.holt@reqres.in,eiueiue
eve.holt@reqres.in,eiueiue
eve.holt@reqres.in,eiueiue
eve.holt@reqres.in,eiueiue
eve.holt@reqres.in,eiueiue
eve.holt@reqres.in,eiueiue
eve.holt@reqres.in,eiueiue
eve.holt@reqres.in,eiueiue
eve.holt@reqres.in,eiueiue
eve.holt@reqres.in,eiueiue
eve.holt@reqres.in,eiueiue
eve.holt@reqres.in,eiueiue
eve.holt@reqres.in,eiueiue
eve.holt@reqres.in,eiueiue
eve.holt@reqres.in,eiueiue
eve.holt@reqres.in,eiueiue
eve.holt@reqres.in,eiueiue
eve.holt@reqres.in,eiueiue
eve.holt@reqres.in,eiueiue
eve.holt@reqres.in,eiueiue
eve.holt@reqres.in,eiueiue
eve.holt@reqres.in,eiueiue
eve.holt@reqres.in,eiueiue
eve.holt@reqres.in,eiueiue
eve.holt@reqres.in,eiueiue
eve.holt@reqres.in,eiueiue
eve.holt@reqres.in,eiueiue
eve.holt@reqres.in,eiueiue
eve.holt@reqres.in,eiueiue
eve.holt@reqres.in,eiueiue
eve.holt@reqres.in,eiueiue
eve.holt@reqres.in,eiueiue
eve.holt@reqres.in,eiueiue
eve.holt@reqres.in,eiueiue
eve.holt@reqres.in,eiueiue
eve.holt@reqres.in,eiueiue
eve.holt@reqres.in,eiueiue
eve.holt@reqres.in,eiueiue
eve.holt@reqres.in,eiueiue
eve.holt@reqres.in,eiueiue
eve.holt@reqres.in,eiueiue
eve.holt@reqres.in,eiueiue
eve.holt@reqres.in,eiueiue
eve.holt@reqres.in,eiueiue
eve.holt@reqres.in,eiueiue
eve.holt@reqres.in,eiueiue
eve.holt@reqres.in,eiueiue
eve.holt@reqres.in,eiueiue
eve.holt@reqres.in,eiueiue
eve.holt@reqres.in,eiueiue
eve.holt@reqres.in,eiueiue
eve.holt@reqres.in,eiueiue
eve.holt@reqres.in,eiueiue
eve.holt@reqres.in,eiueiue
eve.holt@reqres.in,eiueiue
eve.holt@reqres.in,eiueiue
eve.holt@reqres.in,eiueiue
eve.holt@reqres.in,eiueiue
eve.holt@reqres.in,eiueiue
eve.holt@reqres.in,eiueiue
eve.holt@reqres.in,eiueiue
eve.holt@reqres.in,eiueiue
eve.holt@reqres.in,eiueiue
eve.holt@reqres.in,eiueiue
eve.holt@reqres.in,eiueiue
eve.holt@reqres.in,eiueiue
eve.holt@reqres.in,eiueiue
eve.holt@reqres.in,eiueiue
eve.holt@reqres.in,eiueiue
eve.holt@reqres.in,eiueiue
eve.holt@reqres.in,eiueiue
eve.holt@reqres.in,eiueiue
eve.holt@reqres.in,eiueiue
eve.holt@reqres.in,eiueiue
eve.holt@reqres.in,eiueiue
eve.holt@reqres.in,eiueiue
eve.holt@reqres.in,eiueiue
eve.holt@reqres.in,eiueiue
eve.holt@reqres.in,eiueiue
eve.holt@reqres.in,eiueiue
eve.holt@reqres.in,eiueiue
eve.holt@reqres.in,eiueiue
eve.holt@reqres.in,eiueiue
eve.holt@reqres.in,eiueiue
eve.holt@reqres.in,eiueiue
eve.holt@reqres.in,eiueiue
eve.holt@reqres.in,eiueiue
eve.holt@reqres.in,eiueiue
eve.holt@reqres.in,eiueiue
eve.holt@reqres.in,eiueiue
eve.holt@reqres.in,eiueiue
eve.holt@reqres.in,eiueiue
eve.holt@reqres.in,eiueiue
eve.holt@reqres.in,eiueiue
eve.holt@reqres.in,eiueiue
eve.holt@reqres.in,eiueiue
eve.holt@reqres.in,eiueiue
eve.holt@reqres.in,eiueiue
eve.holt@reqres.in,eiueiue
eve.holt@reqres.in,eiueiue
eve.holt@reqres.in,eiueiue
eve.holt@reqres.in,eiueiue
eve.holt@reqres.in,eiueiue
eve.holt@reqres.in,eiueiue
eve.holt@reqres.in,eiueiue
eve.holt@reqres.in,eiueiue
eve.holt@reqres.in,eiueiue
eve.holt@reqres.in,eiueiue
eve.holt@reqres.in,eiueiue
eve.holt@reqres.in,eiueiue
eve.holt@reqres.in,eiueiue
eve.holt@reqres.in,eiueiue
eve.holt@reqres.in,eiueiue
eve.holt@reqres.in,eiueiue
eve.holt@reqres.in,eiueiue
eve.holt@reqres.in,eiueiue
eve.holt@reqres.in,eiueiue
eve.holt@reqres.in,eiueiue
eve.holt@reqres.in,eiueiue
eve.holt@reqres.in,eiueiue
eve.holt@reqres.in,eiueiue
eve.holt@reqres.in,eiueiue
eve.holt@reqres.in,eiueiue
eve.holt@reqres.in,eiueiue
eve.holt@reqres.in,eiueiue
eve.holt@reqres.in,eiueiue
eve.holt@reqres.in,eiueiue
eve.holt@reqres.in,eiueiue
eve.holt@reqres.in,eiueiue
eve.holt@reqres.in,eiueiue
eve.holt@reqres.in,eiueiue
eve.holt@reqres.in,eiueiue
eve.holt@reqres.in,eiueiue
eve.holt@reqres.in,eiueiue
eve.holt@reqres.in,eiueiue
eve.holt@reqres.in,eiueiue
eve.holt@reqres.in,eiueiue
eve.holt@reqres.in,eiueiue
eve.holt@reqres.in,eiueiue
eve.holt@reqres.in,eiueiue
eve.holt@reqres.in,eiueiue
eve.holt@reqres.in,eiueiue
eve.holt@reqres.in,eiueiue
eve.holt@reqres.in,eiueiue
eve.holt@reqres.in,eiueiue
eve.holt@reqres.in,eiueiue
eve.holt@reqres.in,eiueiue
eve.holt@reqres.in,eiueiue
eve.holt@reqres.in,eiueiue
eve.holt@reqres.in,eiueiue
eve.holt@reqres.in,eiueiue
eve.holt@reqres.in,eiueiue
eve.holt@reqres.in,eiueiue
eve.holt@reqres.in,eiueiue
eve.holt@reqres.in,eiueiue
eve.holt@reqres.in,eiueiue
eve.holt@reqres.in,eiueiue
eve.holt@reqres.in,eiueiue
eve.holt@reqres.in,eiueiue
eve.holt@reqres.in,eiueiue
eve.holt@reqres.in,eiueiue
eve.holt@reqres.in,eiueiue
eve.holt@reqres.in,eiueiue
eve.holt@reqres.in,eiueiue
eve.holt@reqres.in,eiueiue
eve.holt@reqres.in,eiueiue
eve.holt@reqres.in,eiueiue
eve.holt@reqres.in,eiueiue
eve.holt@reqres.in,eiueiue
eve.holt@reqres.in,eiueiue
eve.holt@reqres.in,eiueiue
eve.holt@reqres.in,eiueiue
eve.holt@reqres.in,eiueiue
eve.holt@reqres.in,eiueiue
eve.holt@reqres.in,eiueiue
eve.holt@reqres.in,eiueiue
eve.holt@reqres.in,eiueiue
eve.holt@reqres.in,eiueiue
eve.holt@reqres.in,eiueiue
eve.holt@reqres.in,eiueiue
eve.holt@reqres.in,eiueiue
eve.holt@reqres.in,eiueiue
eve.holt@reqres.in,eiueiue
eve.holt@reqres.in,eiueiue
eve.holt@reqres.in,eiueiue
eve.holt@reqres.in,eiueiue
eve.holt@reqres.in,eiueiue
eve.holt@reqres.in,eiueiue
eve.holt@reqres.in,eiueiue
eve.holt@reqres.in,eiueiue
eve.holt@reqres.in,eiueiue
eve.holt@reqres.in,eiueiue
eve.holt@reqres.in,eiueiue
eve.holt@reqres.in,eiueiue
eve.holt@reqres.in,eiueiue
eve.holt@reqres.in,eiueiue
eve.holt@reqres.in,eiueiue
eve.holt@reqres.in,eiueiue
eve.holt@reqres.in,eiueiue
eve.holt@reqres.in,eiueiue
eve.holt@reqres.in,eiueiue
eve.holt@reqres.in,eiueiue
eve.holt@reqres.in,eiueiue
eve.holt@reqres.in,eiueiue
eve.holt@reqres.in,eiueiue
eve.holt@reqres.in,eiueiue
eve.holt@reqres.in,eiueiue
eve.holt@reqres.in,eiueiue
eve.holt@reqres.in,eiueiue
eve.holt@reqres.in,eiueiue
eve.holt@reqres.in,eiueiue
eve.holt@reqres.in,eiueiue
eve.holt@reqres.in,eiueiue
eve.holt@reqres.in,eiueiue
eve.holt@reqres.in,eiueiue
eve.holt@reqres.in,eiueiue
eve.holt@reqres.in,eiueiue
eve.holt@reqres.in,eiueiue
eve.holt@reqres.in,eiueiue
eve.holt@reqres.in,eiueiue
eve.holt@reqres.in,eiueiue
eve.holt@reqres.in,eiueiue
eve.holt@reqres.in,eiueiue
eve.holt@reqres.in,eiueiue
eve.holt@reqres.in,eiueiue
eve.holt@reqres.in,eiueiue
eve.holt@reqres.in,eiueiue
eve.holt@reqres.in,eiueiue
eve.holt@reqres.in,eiueiue
eve.holt@reqres.in,eiueiue
eve.holt@reqres.in,eiueiue
eve.holt@reqres.in,eiueiue
eve.holt@reqres.in,eiueiue
eve.holt@reqres.in,eiueiue
eve.holt@reqres.in,eiueiue
eve.holt@reqres.in,eiueiue
eve.holt@reqres.in,eiueiue
eve.holt@reqres.in,eiueiue
eve.holt@reqres.in,eiueiue
eve.holt@reqres.in,eiueiue
eve.holt@reqres.in,eiueiue
eve.holt@reqres.in,eiueiue
eve.holt@reqres.in,eiueiue
eve.holt@reqres.in,eiueiue
eve.holt@reqres.in,eiueiue
eve.holt@reqres.in,eiueiue
eve.holt@reqres.in,eiueiue
eve.holt@reqres.in,eiueiue
eve.holt@reqres.in,eiueiue
eve.holt@reqres.in,eiueiue
eve.holt@reqres.in,eiueiue
eve.holt@reqres.in,eiueiue
eve.holt@reqres.in,eiueiue
eve.holt@reqres.in,eiueiue
eve.holt@reqres.in,eiueiue
eve.holt@reqres.in,eiueiue
eve.holt@reqres.in,eiueiue
eve.holt@reqres.in,eiueiue
eve.holt@reqres.in,eiueiue
eve.holt@reqres.in,eiueiue
eve.holt@reqres.in,eiueiue
eve.holt@reqres.in,eiueiue
eve.holt@reqres.in,eiueiue
eve.holt@reqres.in,eiueiue
eve.holt@reqres.in,eiueiue
eve.holt@reqres.in,eiueiue
eve.holt@reqres.in,eiueiue
eve.holt@reqres.in,eiueiue
eve.holt@reqres.in,eiueiue
eve.holt@reqres.in,eiueiue
eve.holt@reqres.in,eiueiue
eve.holt@reqres.in,eiueiue
eve.holt@reqres.in,eiueiue
eve.holt@reqres.in,eiueiue
eve.holt@reqres.in,eiueiue
eve.holt@reqres.in,eiueiue
eve.holt@reqres.in,eiueiue
eve.holt@reqres.in,eiueiue
eve.holt@reqres.in,eiueiue
eve.holt@reqres.in,eiueiue
eve.holt@reqres.in,eiueiue
eve.holt@reqres.in,eiueiue
eve.holt@reqres.in,eiueiue
eve.holt@reqres.in,eiueiue
eve.holt@reqres.in,eiueiue
eve.holt@reqres.in,eiueiue
eve.holt@reqres.in,eiueiue
eve.holt@reqres.in,eiueiue
eve.holt@reqres.in,eiueiue
eve.holt@reqres.in,eiueiue
eve.holt@reqres.in,eiueiue
eve.holt@reqres.in,eiueiue
eve.holt@reqres.in,eiueiue
eve.holt@reqres.in,eiueiue
eve.holt@reqres.in,eiueiue
eve.holt@reqres.in,eiueiue
eve.holt@reqres.in,eiueiue
eve.holt@reqres.in,eiueiue
eve.holt@reqres.in,eiueiue
eve.holt@reqres.in,eiueiue
eve.holt@reqres.in,eiueiue
eve.holt@reqres.in,eiueiue
eve.holt@reqres.in,eiueiue
eve.holt@reqres.in,eiueiue
eve.holt@reqres.in,eiueiue
eve.holt@reqres.in,eiueiue
eve.holt@reqres.in,eiueiue
eve.holt@reqres.in,eiueiue
eve.holt@reqres.in,eiueiue
eve.holt@reqres.in,eiueiue
eve.holt@reqres.in,eiueiue
eve.holt@reqres.in,eiueiue
eve.holt@reqres.in,eiueiue
eve.holt@reqres.in,eiueiue
eve.holt@reqres.in,eiueiue
eve.holt@reqres.in,eiueiue
eve.holt@reqres.in,eiueiue
eve.holt@reqres.in,eiueiue
eve.holt@reqres.in,eiueiue
eve.holt@reqres.in,eiueiue
eve.holt@reqres.in,eiueiue
eve.holt@reqres.in,eiueiue
eve.holt@reqres.in,eiueiue
eve.holt@reqres.in,eiueiue
eve.holt@reqres.in,eiueiue
eve.holt@reqres.in,eiueiue
eve.holt@reqres.in,eiueiue
eve.holt@reqres.in,eiueiue
eve.holt@reqres.in,eiueiue
eve.holt@reqres.in,eiueiue
eve.holt@reqres.in,eiueiue
eve.holt@reqres.in,eiueiue
eve.holt@reqres.in,eiueiue
eve.holt@reqres.in,eiueiue
eve.holt@reqres.in,eiueiue
eve.holt@reqres.in,eiueiue
eve.holt@reqres.in,eiueiue
eve.holt@reqres.in,eiueiue
eve.holt@reqres.in,eiueiue
eve.holt@reqres.in,eiueiue
eve.holt@reqres.in,eiueiue
eve.holt@reqres.in,eiueiue
eve.holt@reqres.in,eiueiue
eve.holt@reqres.in,eiueiue
eve.holt@reqres.in,eiueiue
eve.holt@reqres.in,eiueiue
eve.holt@reqres.in,eiueiue
eve.holt@reqres.in,eiueiue
eve.holt@reqres.in,eiueiue
eve.holt@reqres.in,eiueiue
eve.holt@reqres.in,eiueiue
eve.holt@reqres.in,eiueiue
eve.holt@reqres.in,eiueiue
eve.holt@reqres.in,eiueiue
eve.holt@reqres.in,eiueiue
eve.holt@reqres.in,eiueiue
eve.holt@reqres.in,eiueiue
eve.holt@reqres.in,eiueiue
eve.holt@reqres.in,eiueiue
eve.holt@reqres.in,eiueiue
eve.holt@reqres.in,eiueiue
eve.holt@reqres.in,eiueiue
eve.holt@reqres.in,eiueiue
eve.holt@reqres.in,eiueiue
eve.holt@reqres.in,eiueiue
eve.holt@reqres.in,eiueiue
eve.holt@reqres.in,eiueiue
eve.holt@reqres.in,eiueiue
eve.holt@reqres.in,eiueiue
eve.holt@reqres.in,eiueiue
eve.holt@reqres.in,eiueiue
eve.holt@reqres.in,eiueiue
eve.holt@reqres.in,eiueiue
eve.holt@reqres.in,eiueiue
eve.holt@reqres.in,eiueiue
eve.holt@reqres.in,eiueiue
eve.holt@reqres.in,eiueiue
eve.holt@reqres.in,eiueiue
eve.holt@reqres.in,eiueiue
eve.holt@reqres.in,eiueiue
eve.holt@reqres.in,eiueiue
eve.holt@reqres.in,eiueiue
eve.holt@reqres.in,eiueiue
eve.holt@reqres.in,eiueiue
eve.holt@reqres.in,eiueiue
eve.holt@reqres.in,eiueiue
eve.holt@reqres.in,eiueiue
eve.holt@reqres.in,eiueiue
eve.holt@reqres.in,eiueiue
eve.holt@reqres.in,eiueiue
eve.holt@reqres.in,eiueiue
eve.holt@reqres.in,eiueiue
eve.holt@reqres.in,eiueiue
eve.holt@reqres.in,eiueiue
eve.holt@reqres.in,eiueiue
eve.holt@reqres.in,eiueiue
eve.holt@reqres.in,eiueiue
eve.holt@reqres.in,eiueiue
eve.holt@reqres.in,eiueiue
eve.holt@reqres.in,eiueiue
eve.holt@reqres.in,eiueiue
eve.holt@reqres.in,eiueiue
eve.holt@reqres.in,eiueiue
eve.holt@reqres.in,eiueiue
eve.holt@reqres.in,eiueiue
eve.holt@reqres.in,eiueiue
eve.holt@reqres.in,eiueiue
eve.holt@reqres.in,eiueiue
eve.holt@reqres.in,eiueiue
eve.holt@reqres.in,eiueiue
eve.holt@reqres.in,eiueiue
eve.holt@reqres.in,eiueiue
eve.holt@reqres.in,eiueiue
eve.holt@reqres.in,eiueiue
eve.holt@reqres.in,eiueiue
eve.holt@reqres.in,eiueiue
eve.holt@reqres.in,eiueiue
eve.holt@reqres.in,eiueiue
eve.holt@reqres.in,eiueiue
eve.holt@reqres.in,eiueiue
eve.holt@reqres.in,eiueiue
eve.holt@reqres.in,eiueiue
eve.holt@reqres.in,eiueiue
eve.holt@reqres.in,eiueiue
eve.holt@reqres.in,eiueiue
eve.holt@reqres.in,eiueiue
eve.holt@reqres.in,eiueiue
eve.holt@reqres.in,eiueiue
eve.holt@reqres.in,eiueiue
eve.holt@reqres.in,eiueiue
eve.holt@reqres.in,eiueiue
eve.holt@reqres.in,eiueiue
eve.holt@reqres.in,eiueiue
eve.holt@reqres.in,eiueiue
eve.holt@reqres.in,eiueiue
eve.holt@reqres.in,eiueiue
eve.holt@reqres.in,eiueiue
eve.holt@reqres.in,eiueiue
eve.holt@reqres.in,eiueiue
eve.holt@reqres.in,eiueiue
eve.holt@reqres.in,eiueiue
eve.holt@reqres.in,eiueiue
eve.holt@reqres.in,eiueiue
eve.holt@reqres.in,eiueiue
eve.holt@reqres.in,eiueiue
eve.holt@reqres.in,eiueiue
eve.holt@reqres.in,eiueiue
eve.holt@reqres.in,eiueiue
eve.holt@reqres.in,eiueiue
eve.holt@reqres.in,eiueiue
eve.holt@reqres.in,eiueiue
eve.holt@reqres.in,eiueiue
eve.holt@reqres.in,eiueiue
eve.holt@reqres.in,eiueiue
eve.holt@reqres.in,eiueiue
eve.holt@reqres.in,eiueiue
eve.holt@reqres.in,eiueiue
eve.holt@reqres.in,eiueiue
eve.holt@reqres.in,eiueiue
eve.holt@reqres.in,eiueiue
eve.holt@reqres.in,eiueiue
eve.holt@reqres.in,eiueiue
eve.holt@reqres.in,eiueiue
eve.holt@reqres.in,eiueiue
eve.holt@reqres.in,eiueiue
eve.holt@reqres.in,eiueiue
eve.holt@reqres.in,eiueiue
eve.holt@reqres.in,eiueiue
eve.holt@reqres.in,eiueiue
eve.holt@reqres.in,eiueiue
eve.holt@reqres.in,eiueiue
eve.holt@reqres.in,eiueiue
eve.holt@reqres.in,eiueiue
eve.holt@reqres.in,eiueiue
eve.holt@reqres.in,eiueiue
eve.holt@reqres.in,eiueiue
eve.holt@reqres.in,eiueiue
eve.holt@reqres.in,eiueiue
eve.holt@reqres.in,eiueiue
eve.holt@reqres.in,eiueiue
eve.holt@reqres.in,eiueiue
eve.holt@reqres.in,eiueiue
eve.holt@reqres.in,eiueiue
eve.holt@reqres.in,eiueiue
eve.holt@reqres.in,eiueiue
eve.holt@reqres.in,eiueiue
eve.holt@reqres.in,eiueiue
eve.holt@reqres.in,eiueiue
eve.holt@reqres.in,eiueiue
eve.holt@reqres.in,eiueiue
eve.holt@reqres.in,eiueiue
eve.holt@reqres.in,eiueiue
eve.holt@reqres.in,eiueiue
eve.holt@reqres.in,eiueiue
eve.holt@reqres.in,eiueiue
eve.holt@reqres.in,eiueiue
eve.holt@reqres.in,eiueiue
eve.holt@reqres.in,eiueiue
eve.holt@reqres.in,eiueiue
eve.holt@reqres.in,eiueiue
eve.holt@reqres.in,eiueiue
eve.holt@reqres.in,eiueiue
eve.holt@reqres.in,eiueiue
eve.holt@reqres.in,eiueiue
eve.holt@reqres.in,eiueiue
eve.holt@reqres.in,eiueiue
eve.holt@reqres.in,eiueiue
eve.holt@reqres.in,eiueiue
eve.holt@reqres.in,eiueiue
eve.holt@reqres.in,eiueiue
eve.holt@reqres.in,eiueiue
eve.holt@reqres.in,eiueiue
eve.holt@reqres.in,eiueiue
eve.holt@reqres.in,eiueiue
eve.holt@reqres.in,eiueiue
eve.holt@reqres.in,eiueiue
eve.holt@reqres.in,eiueiue
eve.holt@reqres.in,eiueiue
eve.holt@reqres.in,eiueiue
eve.holt@reqres.in,eiueiue
eve.holt@reqres.in,eiueiue
eve.holt@reqres.in,eiueiue
eve.holt@reqres.in,eiueiue
eve.holt@reqres.in,eiueiue
eve.holt@reqres.in,eiueiue
eve.holt@reqres.in,eiueiue
eve.holt@reqres.in,eiueiue
eve.holt@reqres.in,eiueiue
eve.holt@reqres.in,eiueiue
eve.holt@reqres.in,eiueiue
eve.holt@reqres.in,eiueiue
eve.holt@reqres.in,eiueiue
eve.holt@reqres.in,eiueiue
eve.holt@reqres.in,eiueiue
eve.holt@reqres.in,eiueiue
eve.holt@reqres.in,eiueiue
eve.holt@reqres.in,eiueiue
eve.holt@reqres.in,eiueiue
eve.holt@reqres.in,eiueiue
eve.holt@reqres.in,eiueiue
eve.holt@reqres.in,eiueiue
eve.holt@reqres.in,eiueiue
eve.holt@reqres.in,eiueiue
eve.holt@reqres.in,eiueiue
eve.holt@reqres.in,eiueiue
eve.holt@reqres.in,eiueiue
eve.holt@reqres.in,eiueiue
eve.holt@reqres.in,eiueiue
eve.holt@reqres.in,eiueiue
eve.holt@reqres.in,eiueiue
eve.holt@reqres.in,eiueiue
eve.holt@reqres.in,eiueiue
eve.holt@reqres.in,eiueiue
eve.holt@reqres.in,eiueiue
eve.holt@reqres.in,eiueiue
eve.holt@reqres.in,eiueiue
eve.holt@reqres.in,eiueiue
eve.holt@reqres.in,eiueiue
eve.holt@reqres.in,eiueiue
eve.holt@reqres.in,eiueiue
eve.holt@reqres.in,eiueiue
eve.holt@reqres.in,eiueiue
eve.holt@reqres.in,eiueiue
eve.holt@reqres.in,eiueiue
eve.holt@reqres.in,eiueiue
eve.holt@reqres.in,eiueiue
eve.holt@reqres.in,eiueiue
eve.holt@reqres.in,eiueiue
eve.holt@reqres.in,eiueiue
eve.holt@reqres.in,eiueiue
eve.holt@reqres.in,eiueiue
eve.holt@reqres.in,eiueiue
eve.holt@reqres.in,eiueiue
eve.holt@reqres.in,eiueiue
eve.holt@reqres.in,eiueiue
eve.holt@reqres.in,eiueiue
eve.holt@reqres.in,eiueiue
eve.holt@reqres.in,eiueiue
eve.holt@reqres.in,eiueiue
eve.holt@reqres.in,eiueiue
eve.holt@reqres.in,eiueiue
eve.holt@reqres.in,eiueiue
eve.holt@reqres.in,eiueiue
eve.holt@reqres.in,eiueiue
eve.holt@reqres.in,eiueiue
eve.holt@reqres.in,eiueiue
eve.holt@reqres.in,eiueiue
eve.holt@reqres.in,eiueiue
eve.holt@reqres.in,eiueiue
eve.holt@reqres.in,eiueiue
eve.holt@reqres.in,eiueiue
eve.holt@reqres.in,eiueiue
eve.holt@reqres.in,eiueiue
eve.holt@reqres.in,eiueiue
eve.holt@reqres.in,eiueiue
eve.holt@reqres.in,eiueiue
eve.holt@reqres.in,eiueiue
eve.holt@reqres.in,eiueiue
eve.holt@reqres.in,eiueiue
eve.holt@reqres.in,eiueiue
eve.holt@reqres.in,eiueiue
eve.holt@reqres.in,eiueiue
eve.holt@reqres.in,eiueiue
eve.holt@reqres.in,eiueiue
eve.holt@reqres.in,eiueiue
eve.holt@reqres.in,eiueiue
eve.holt@reqres.in,eiueiue
eve.holt@reqres.in,eiueiue
eve.holt@reqres.in,eiueiue
eve.holt@reqres.in,eiueiue
eve.holt@reqres.in,eiueiue
eve.holt@reqres.in,eiueiue
eve.holt@reqres.in,eiueiue
eve.holt@reqres.in,eiueiue
eve.holt@reqres.in,eiueiue
eve.holt@reqres.in,eiueiue
eve.holt@reqres.in,eiueiue
eve.holt@reqres.in,eiueiue
eve.holt@reqres.in,eiueiue
eve.holt@reqres.in,eiueiue
eve.holt@reqres.in,eiueiue
eve.holt@reqres.in,eiueiue
eve.holt@reqres.in,eiueiue
eve.holt@reqres.in,eiueiue
eve.holt@reqres.in,eiueiue
eve.holt@reqres.in,eiueiue
eve.holt@reqres.in,eiueiue
eve.holt@reqres.in,eiueiue
eve.holt@reqres.in,eiueiue
eve.holt@reqres.in,eiueiue
eve.holt@reqres.in,eiueiue
eve.holt@reqres.in,eiueiue
eve.holt@reqres.in,eiueiue
eve.holt@reqres.in,eiueiue
eve.holt@reqres.in,eiueiue
eve.holt@reqres.in,eiueiue
eve.holt@reqres.in,eiueiue
eve.holt@reqres.in,eiueiue
eve.holt@reqres.in,eiueiue
eve.holt@reqres.in,eiueiue
eve.holt@reqres.in,eiueiue
eve.holt@reqres.in,eiueiue
eve.holt@reqres.in,eiueiue
eve.holt@reqres.in,eiueiue
eve.holt@reqres.in,eiueiue
eve.holt@reqres.in,eiueiue
eve.holt@reqres.in,eiueiue
eve.holt@reqres.in,eiueiue
eve.holt@reqres.in,eiueiue
eve.holt@reqres.in,eiueiue
eve.holt@reqres.in,eiueiue
eve.holt@reqres.in,eiueiue
eve.holt@reqres.in,eiueiue
eve.holt@reqres.in,eiueiue
eve.holt@reqres.in,eiueiue
eve.holt@reqres.in,eiueiue
eve.holt@reqres.in,eiueiue
eve.holt@reqres.in,eiueiue
eve.holt@reqres.in,eiueiue
eve.holt@reqres.in,eiueiue
eve.holt@reqres.in,eiueiue
eve.holt@reqres.in,eiueiue
eve.holt@reqres.in,eiueiue
eve.holt@reqres.in,eiueiue
eve.holt@reqres.in,eiueiue
eve.holt@reqres.in,eiueiue
eve.holt@reqres.in,eiueiue
eve.holt@reqres.in,eiueiue
eve.holt@reqres.in,eiueiue
eve.holt@reqres.in,eiueiue
eve.holt@reqres.in,eiueiue
eve.holt@reqres.in,eiueiue
eve.holt@reqres.in,eiueiue
eve.holt@reqres.in,eiueiue
eve.holt@reqres.in,eiueiue
eve.holt@reqres.in,eiueiue
eve.holt@reqres.in,eiueiue
eve.holt@reqres.in,eiueiue
eve.holt@reqres.in,eiueiue
eve.holt@reqres.in,eiueiue
eve.holt@reqres.in,eiueiue
eve.holt@reqres.in,eiueiue
eve.holt@reqres.in,eiueiue
eve.holt@reqres.in,eiueiue
eve.holt@reqres.in,eiueiue
eve.holt@reqres.in,eiueiue
eve.holt@reqres.in,eiueiue
eve.holt@reqres.in,eiueiue
eve.holt@reqres.in,eiueiue
eve.holt@reqres.in,eiueiue
eve.holt@reqres.in,eiueiue
eve.holt@reqres.in,eiueiue
eve.holt@reqres.in,eiueiue
eve.holt@reqres.in,eiueiue
eve.holt@reqres.in,eiueiue
eve.holt@reqres.in,eiueiue
eve.holt@reqres.in,eiueiue
eve.holt@reqres.in,eiueiue
eve.holt@reqres.in,eiueiue
eve.holt@reqres.in,eiueiue
eve.holt@reqres.in,eiueiue
eve.holt@reqres.in,eiueiue
eve.holt@reqres.in,eiueiue
eve.holt@reqres.in,eiueiue
eve.holt@reqres.in,eiueiue
eve.holt@reqres.in,eiueiue
eve.holt@reqres.in,eiueiue
eve.holt@reqres.in,eiueiue
eve.holt@reqres.in,eiueiue
eve.holt@reqres.in,eiueiue
eve.holt@reqres.in,eiueiue
eve.holt@reqres.in,eiueiue
eve.holt@reqres.in,eiueiue
eve.holt@reqres.in,eiueiue
eve.holt@reqres.in,eiueiue
eve.holt@reqres.in,eiueiue
eve.holt@reqres.in,eiueiue
eve.holt@reqres.in,eiueiue
eve.holt@reqres.in,eiueiue
eve.holt@reqres.in,eiueiue
eve.holt@reqres.in,eiueiue
eve.holt@reqres.in,eiueiue
eve.holt@reqres.in,eiueiue
eve.holt@reqres.in,eiueiue
eve.holt@reqres.in,eiueiue
eve.holt@reqres.in,eiueiue
eve.holt@reqres.in,eiueiue
eve.holt@reqres.in,eiueiue
eve.holt@reqres.in,eiueiue
eve.holt@reqres.in,eiueiue
eve.holt@reqres.in,eiueiue
eve.holt@reqres.in,eiueiue
eve.holt@reqres.in,eiueiue
eve.holt@reqres.in,eiueiue
eve.holt@reqres.in,eiueiue
eve.holt@reqres.in,eiueiue
eve.holt@reqres.in,eiueiue
eve.holt@reqres.in,eiueiue
eve.holt@reqres.in,eiueiue
eve.holt@reqres.in,eiueiue
eve.holt@reqres.in,eiueiue
eve.holt@reqres.in,eiueiue
eve.holt@reqres.in,eiueiue
eve.holt@reqres.in,eiueiue
eve.holt@reqres.in,eiueiue
eve.holt@reqres.in,eiueiue
eve.holt@reqres.in,eiueiue
eve.holt@reqres.in,eiueiue
eve.holt@reqres.in,eiueiue
eve.holt@reqres.in,eiueiue
eve.holt@reqres.in,eiueiue
eve.holt@reqres.in,eiueiue
eve.holt@reqres.in,eiueiue
eve.holt@reqres.in,eiueiue
eve.holt@reqres.in,eiueiue
eve.holt@reqres.in,eiueiue
eve.holt@reqres.in,eiueiue
eve.holt@reqres.in,eiueiue
eve.holt@reqres.in,eiueiue
eve.holt@reqres.in,eiueiue
eve.holt@reqres.in,eiueiue
eve.holt@reqres.in,eiueiue
eve.holt@reqres.in,eiueiue
eve.holt@reqres.in,eiueiue
eve.holt@reqres.in,eiueiue
eve.holt@reqres.in,eiueiue
eve.holt@reqres.in,eiueiue
eve.holt@reqres.in,eiueiue
eve.holt@reqres.in,eiueiue
eve.holt@reqres.in,eiueiue
eve.holt@reqres.in,eiueiue
eve.holt@reqres.in,eiueiue
eve.holt@reqres.in,eiueiue
eve.holt@reqres.in,eiueiue
eve.holt@reqres.in,eiueiue
eve.holt@reqres.in,eiueiue
eve.holt@reqres.in,eiueiue
eve.holt@reqres.in,eiueiue
eve.holt@reqres.in,eiueiue
eve.holt@reqres.in,eiueiue
eve.holt@reqres.in,eiueiue
eve.holt@reqres.in,eiueiue
eve.holt@reqres.in,eiueiue
eve.holt@reqres.in,eiueiue
eve.holt@reqres.in,eiueiue
eve.holt@reqres.in,eiueiue
eve.holt@reqres.in,eiueiue
eve.holt@reqres.in,eiueiue
eve.holt@reqres.in,eiueiue
eve.holt@reqres.in,eiueiue
eve.holt@reqres.in,eiueiue
eve.holt@reqres.in,eiueiue
eve.holt@reqres.in,eiueiue
eve.holt@reqres.in,eiueiue
eve.holt@reqres.in,eiueiue
eve.holt@reqres.in,eiueiue
eve.holt@reqres.in,eiueiue
eve.holt@reqres.in,eiueiue
eve.holt@reqres.in,eiueiue
eve.holt@reqres.in,eiueiue
eve.holt@reqres.in,eiueiue
eve.holt@reqres.in,eiueiue
eve.holt@reqres.in,eiueiue
eve.holt@reqres.in,eiueiue
eve.holt@reqres.in,eiueiue
eve.holt@reqres.in,eiueiue
eve.holt@reqres.in,eiueiue
eve.holt@reqres.in,eiueiue
eve.holt@reqres.in,eiueiue
eve.holt@reqres.in,eiueiue
eve.holt@reqres.in,eiueiue
eve.holt@reqres.in,eiueiue
eve.holt@reqres.in,eiueiue
eve.holt@reqres.in,eiueiue
eve.holt@reqres.in,eiueiue
eve.holt@reqres.in,eiueiue
eve.holt@reqres.in,eiueiue
eve.holt@reqres.in,eiueiue
eve.holt@reqres.in,eiueiue
eve.holt@reqres.in,eiueiue
eve.holt@reqres.in,eiueiue
eve.holt@reqres.in,eiueiue
eve.holt@reqres.in,eiueiue
eve.holt@reqres.in,eiueiue
eve.holt@reqres.in,eiueiue
eve.holt@reqres.in,eiueiue
eve.holt@reqres.in,eiueiue
eve.holt@reqres.in,eiueiue
eve.holt@reqres.in,eiueiue
eve.holt@reqres.in,eiueiue
eve.holt@reqres.in,eiueiue
eve.holt@reqres.in,eiueiue
eve.holt@reqres.in,eiueiue
eve.holt@reqres.in,eiueiue
eve.holt@reqres.in,eiueiue
eve.holt@reqres.in,eiueiue
eve.holt@reqres.in,eiueiue
eve.holt@reqres.in,eiueiue
eve.holt@reqres.in,eiueiue
eve.holt@reqres.in,eiueiue
eve.holt@reqres.in,eiueiue
eve.holt@reqres.in,eiueiue
eve.holt@reqres.in,eiueiue
eve.holt@reqres.in,eiueiue
eve.holt@reqres.in,eiueiue
eve.holt@reqres.in,eiueiue
eve.holt@reqres.in,eiueiue
eve.holt@reqres.in,eiueiue
eve.holt@reqres.in,eiueiue
eve.holt@reqres.in,eiueiue
eve.holt@reqres.in,eiueiue
eve.holt@reqres.in,eiueiue
eve.holt@reqres.in,eiueiue
eve.holt@reqres.in,eiueiue
eve.holt@reqres.in,eiueiue
eve.holt@reqres.in,eiueiue
eve.holt@reqres.in,eiueiue
eve.holt@reqres.in,eiueiue
eve.holt@reqres.in,eiueiue
eve.holt@reqres.in,eiueiue
eve.holt@reqres.in,eiueiue
eve.holt@reqres.in,eiueiue
eve.holt@reqres.in,eiueiue
eve.holt@reqres.in,eiueiue
eve.holt@reqres.in,eiueiue
eve.holt@reqres.in,eiueiue
eve.holt@reqres.in,eiueiue
eve.holt@reqres.in,eiueiue
eve.holt@reqres.in,eiueiue
eve.holt@reqres.in,eiueiue
eve.holt@reqres.in,eiueiue
eve.holt@reqres.in,eiueiue
eve.holt@reqres.in,eiueiue
eve.holt@reqres.in,eiueiue
eve.holt@reqres.in,eiueiue
eve.holt@reqres.in,eiueiue
eve.holt@reqres.in,eiueiue
eve.holt@reqres.in,eiueiue
eve.holt@reqres.in,eiueiue
eve.holt@reqres.in,eiueiue
eve.holt@reqres.in,eiueiue
eve.holt@reqres.in,eiueiue
eve.holt@reqres.in,eiueiue
eve.holt@reqres.in,eiueiue
eve.holt@reqres.in,eiueiue
eve.holt@reqres.in,eiueiue
eve.holt@reqres.in,eiueiue
eve.holt@reqres.in,eiueiue
eve.holt@reqres.in,eiueiue
eve.holt@reqres.in,eiueiue
eve.holt@reqres.in,eiueiue
eve.holt@reqres.in,eiueiue
eve.holt@reqres.in,eiueiue
eve.holt@reqres.in,eiueiue
eve.holt@reqres.in,eiueiue
eve.holt@reqres.in,eiueiue
eve.holt@reqres.in,eiueiue
eve.holt@reqres.in,eiueiue
eve.holt@reqres.in,eiueiue
eve.holt@reqres.in,eiueiue
eve.holt@reqres.in,eiueiue
eve.holt@reqres.in,eiueiue
eve.holt@reqres.in,eiueiue
eve.holt@reqres.in,eiueiue
eve.holt@reqres.in,eiueiue
eve.holt@reqres.in,eiueiue
eve.holt@reqres.in,eiueiue
eve.holt@reqres.in,eiueiue
eve.holt@reqres.in,eiueiue
eve.holt@reqres.in,eiueiue
eve.holt@reqres.in,eiueiue
eve.holt@reqres.in,eiueiue
eve.holt@reqres.in,eiueiue
eve.holt@reqres.in,eiueiue
eve.holt@reqres.in,eiueiue
eve.holt@reqres.in,eiueiue
eve.holt@reqres.in,eiueiue
eve.holt@reqres.in,eiueiue
eve.holt@reqres.in,eiueiue
eve.holt@reqres.in,eiueiue
eve.holt@reqres.in,eiueiue
eve.holt@reqres.in,eiueiue
eve.holt@reqres.in,eiueiue
eve.holt@reqres.in,eiueiue
eve.holt@reqres.in,eiueiue
eve.holt@reqres.in,eiueiue
eve.holt@reqres.in,eiueiue
eve.holt@reqres.in,eiueiue
eve.holt@reqres.in,eiueiue
eve.holt@reqres.in,eiueiue
eve.holt@reqres.in,eiueiue
eve.holt@reqres.in,eiueiue
eve.holt@reqres.in,eiueiue
eve.holt@reqres.in,eiueiue
eve.holt@reqres.in,eiueiue
eve.holt@reqres.in,eiueiue
eve.holt@reqres.in,eiueiue
eve.holt@reqres.in,eiueiue
eve.holt@reqres.in,eiueiue
eve.holt@reqres.in,eiueiue
eve.holt@reqres.in,eiueiue
eve.holt@reqres.in,eiueiue
eve.holt@reqres.in,eiueiue
eve.holt@reqres.in,eiueiue
eve.holt@reqres.in,eiueiue
eve.holt@reqres.in,eiueiue
eve.holt@reqres.in,eiueiue
eve.holt@reqres.in,eiueiue
eve.holt@reqres.in,eiueiue
eve.holt@reqres.in,eiueiue
eve.holt@reqres.in,eiueiue
eve.holt@reqres.in,eiueiue
eve.holt@reqres.in,eiueiue
eve.holt@reqres.in,eiueiue
eve.holt@reqres.in,eiueiue
eve.holt@reqres.in,eiueiue
eve.holt@reqres.in,eiueiue
eve.holt@reqres.in,eiueiue
eve.holt@reqres.in,eiueiue
eve.holt@reqres.in,eiueiue
eve.holt@reqres.in,eiueiue
eve.holt@reqres.in,eiueiue
eve.holt@reqres.in,eiueiue
eve.holt@reqres.in,eiueiue
eve.holt@reqres.in,eiueiue
eve.holt@reqres.in,eiueiue
eve.holt@reqres.in,eiueiue
eve.holt@reqres.in,eiueiue
eve.holt@reqres.in,eiueiue
eve.holt@reqres.in,eiueiue
eve.holt@reqres.in,eiueiue
eve.holt@reqres.in,eiueiue
eve.holt@reqres.in,eiueiue
eve.holt@reqres.in,eiueiue
eve.holt@reqres.in,eiueiue
eve.holt@reqres.in,eiueiue
eve.holt@reqres.in,eiueiue
eve.holt@reqres.in,eiueiue
eve.holt@reqres.in,eiueiue
eve.holt@reqres.in,eiueiue
eve.holt@reqres.in,eiueiue
eve.holt@reqres.in,eiueiue
eve.holt@reqres.in,eiueiue
eve.holt@reqres.in,eiueiue
eve.holt@reqres.in,eiueiue
eve.holt@reqres.in,eiueiue
eve.holt@reqres.in,eiueiue
eve.holt@reqres.in,eiueiue
eve.holt@reqres.in,eiueiue
eve.holt@reqres.in,eiueiue
eve.holt@reqres.in,eiueiue
eve.holt@reqres.in,eiueiue
eve.holt@reqres.in,eiueiue
eve.holt@reqres.in,eiueiue
eve.holt@reqres.in,eiueiue